﻿Symp_Name,Symptom,Description,Common_Causes
Itching,itching,"An uncomfortable, irritating sensation that creates an urge to scratch that can involve any part of the body.","Itching can have causes that aren't due to underlying disease. Examples include hair regrowth, sunburns, insect bites, dry skin, or healing wounds."
Skin Rashes,skin_rash,"Temporary outbreak of red, bumpy, scaly, or itchy patches of skin, possibly with blisters or welts.","Skin rashes can have causes that aren't due to underlying disease. Examples include hot and humid weather, excess sun exposure, or scratchy clothes that don't fit."
Nodal Skin Eruptions,nodal_skin_eruptions,Eruptions in skin with oozing fluids.,
Continuous Sneezing,continuous_sneezing,A sudden blast of air or mucus expelled from the mouth and nose.,"Sneezing can have causes that aren't due to underlying disease. Examples include cold exposure, bright lights, irritants such as pepper, or having an object stuck inside the nose."
Shivering,shivering,Involuntary trembling of the body caused by muscle contractions.,"Shivering can have causes that aren't due to underlying disease. Examples include cold exposure, cold beverage, a profound scare, or nervousness."
Chills,chills,"The feeling of being cold, though not necessarily in a cold environment, often accompanied by shivering or shaking.","Shivering or shaking can have causes that aren't due to underlying disease. Examples include cold exposure, being frightened, or nervousness."
Joint Pain,joint_pain,"Physical discomfort where two or more bones meet to form a joint, ranging from mild to disabling.","Joint pain can have causes that aren't due to underlying disease. Examples include overuse such as heavy physical activity, lack of use, sprains, or strains."
Stomach Pain,stomach_pain,"(Abdominal Pain) Pain from inside the abdomen or the outer muscle wall, ranging from mild and temporary to severe and requiring emergency care.","Abdominal pain can have causes that aren't due to underlying disease. Examples include constipation, gas, overeating, stress, or muscle strain."
Acidity,acidity,A condition that is characterized by heartburn that is felt around the lower chest area.,It is a common condition that occurs when stomach acid flows back up into the food pipe. The most common acid reflux symptom is a burning sensation in the chest or pain.
Ulcers On Tongue,ulcers_on_tongue,"A small, shallow sore inside the mouth or at the base of the gums.","Mouth ulcers can have causes that aren't due to underlying disease. Examples include canker sores, burns, biting the tongue or cheeks, or eating acidic foods such as sour candies and pineapple."
Muscle Wasting,muscle_wasting,A loss of muscle mass due to the muscles weakening and shrinking.,"There are several possible causes of muscle wasting, including certain medical conditions, such as amyotrophic lateral sclerosis."
Vomiting,vomiting,"Vomiting, or throwing up, is a forceful discharge of stomach contents.","Vomiting can have causes that aren't due to underlying disease. Examples include hangover, pregnancy, overeating, or motion sickness."
Burning Micturition,burning_micturition,A burning sensation while urination.,"Can be caused by infectious (including sexually transmitted infections, or STDs such as chlamydia and gonorrhea) and noninfectious conditions, but it is most commonly due to bacterial infection of the urinary tract affecting the bladder."
Spotting Urination,spotting_urination,"Blood in urine,","Various problems can cause this leakage, including: Urinary tract infections. These occur when bacteria enter your body through the urethra and multiply in your bladder."
Fatigue,fatigue,"Feeling overtired, with low energy and a strong desire to sleep that interferes with normal daily activities.","Fatigue can have causes that aren't due to underlying disease. Examples include lack of sleep, heavy exertion, jetlag, a large meal, or aging."
Weight Gain,weight_gain,"Pounds added to body mass, often resulting from overeating or lack of physical activity.","Weight gain can have causes that aren't due to underlying disease. Examples include overeating, physical inactivity, age, or medication side effects."
Anxiety,anxiety,"Intense, excessive, and persistent worry and fear about everyday situations. Fast heart rate, rapid breathing, sweating, and feeling tired may occur.","Anxiety can be normal in stressful situations such as public speaking or taking a test. Anxiety is only an indicator of underlying disease when feelings become excessive, all-consuming, and interfere with daily living."
Cold Hands and Feets,cold_hands_and_feets,"Changes to the color of the skin on your hands or feet, such as blue or white skin; Numbness or tingling; Open sores or blisters .","Can be caused by multiple diseases such as Flammer syndrome, frostbite etc."
Mood Swings,mood_swings,An abrupt change in mood or emotional state.,"Mood swings can be normal, and are only an indicator of underlying disease when feelings become excessive, all-consuming, and interfere with daily living."
Weight Loss,weight_loss,"Pounds reduced from body mass, often resulting from undereating or excess physical activity.","Weight loss can have causes that aren't due to underlying disease. Examples include dieting, exercise, malnutrition, or lack of access to food."
Restlessness,restlessness,"Restlessness is feeling the need to constantly move, being unable to calm your mind, or a combination of the two.","Restlessness can be used to describe a variety of symptoms, including hyperactivity, anxiety, insomnia, and much more, and can be caused by a variety of factors, both internal and external."
Lethargy,lethargy,A lack of energy and enthusiasm.,"Lethargy can be a normal response to inadequate sleep, overexertion, overworking, stress, lack of exercise, or boredom. "
Patches in Throat,patches_in_throat,White patches appearing at the back of the Throat.,White patches at the back of your throat or on your tonsils can be signs of infection.
Irregular Sugar Level,irregular_sugar_level,Unusual changes in sugar level in blood.,High blood sugar can have causes that aren't due to underlying disease. Examples include recent consumption of a high carbohydrate meal or medication side effects. 
Cough,cough,"A sudden, forceful hacking sound to release air and clear an irritation in the throat or airway.","Coughing can have causes that aren't due to underlying disease. Examples include normal clearing of airways, irritants such as smoke and gas, tobacco use, or improperly swallowing food and liquids."
High Fever,high_fever,A temporary increase in average body temperature of 98.6°F (37°C).,"The most common causes of fever are infections such as colds and stomach bugs (gastroenteritis). Other causes include: Infections of the ear, lung, skin, throat, bladder, or kidney. Heat exhaustion."
Sunken Eyes,sunken_eyes,"The delicate skin under your eyes appear dark, sunken, and hollow.",Sunken eyes are usually the result of aging or health issues that are of less concern still.
Breathelessness,breathlessness,Difficult or labored breathing.,"Shortness of breath can have causes that aren't due to underlying disease. Examples include exercise, altitude, tight clothing, a prolonged period of bed rest, or a sedentary lifestyle."
Sweating,sweating,"Sweating from sweat glands, often in response to heat, exercise, or stress.","Sweating can have causes that aren't due to underlying disease. Examples include warm temperatures, exercise, stress, or spicy food."
Dehydration,dehydration,"A dangerous loss of body fluid caused by illness, sweating, or inadequate intake.","Dehydration can have causes that aren't due to underlying disease. Examples include heat, excessive activity, insufficient fluid consumption, excessive sweating, or medication side effects."
Indigestion,indigestion,"Upper abdominal discomfort, described as burning sensation, bloating or gassiness, nausea, or feeling full too quickly after starting to eat.","Indigestion can have causes that aren't due to underlying disease. Examples include eating too much, drinking too much, food intolerance, or taking pills on an empty stomach."
Headache,headache,"A painful sensation in any part of the head, ranging from sharp to dull, that may occur with other symptoms.","Headaches can have causes that aren't due to underlying disease. Examples include lack of sleep, an incorrect eyeglass prescription, stress, loud noise exposure, or tight headwear."
Yellowish Skin,yellowish_skin,Yellowing of the skin.,"Yellow skin is most commonly caused by a condition called jaundice, which occurs when there is a high level of bilirubin in the blood."
Dark Urine,dark_urine,"Dark urine is deeper in color than urine that is usually straw to yellow in color. Darker urine can be different colors, but is usually brown, deep yellow, or maroon.","Dark urine is most commonly due to dehydration. However, it may be an indicator that excess, unusual, or potentially dangerous waste products are circulating in the body."
Nausea,nausea,A queasy sensation including an urge to vomit.,"Nausea can have causes that aren't due to underlying disease. Examples include motion such as from a car and plane, taking pills on an empty stomach, eating too much or too little, or drinking too much alcohol."
Loss of Appetite,loss_of_appetite,Reduced desire to eat.,"Appetite loss can have causes that aren't due to underlying disease. Examples include aging, nervousness, grief, disgusting sights and smells, or cigarette smoking."
Pain Behind the Eyes,pain_behind_the_eyes,Throbbing pain and pressure around the eyeballs.,Sinus inflammation causes pressure and pain behind your eyes and tenderness in the front of your face. Throbbing pain from a migraine headache almost always includes pain behind the eyes. This condition is caused by the buildup of intraocular pressure.
Back Pain,back_pain,"Physical discomfort occurring anywhere on the spine or back, ranging from mild to disabling.","Back pain can have causes that aren't due to underlying disease. Examples include overuse such as working out or lifting too much, prolonged sitting and lying down, sleeping in an uncomfortable position, or wearing a poorly fitting backpack."
Constipation,constipation,"When a person passes less than three bowel movements a week, or has difficult bowel movements.","Constipation can have causes that aren't due to underlying disease. Examples include dehydration, lack of dietary fiber, physical inactivity, or medication side effects."
Abdominal Pain,abdominal_pain,"(Abdominal Pain) Pain from inside the abdomen or the outer muscle wall, ranging from mild and temporary to severe and requiring emergency care.","Abdominal pain can have causes that aren't due to underlying disease. Examples include constipation, gas, overeating, stress, or muscle strain."
Diarrhoea,diarrhoea,"Loose, watery stools that occur more frequently than usual.","Diarrhea is usually caused by a virus or, sometimes, contaminated food. Less frequently, it can be a sign of another disorder, such as inflammatory bowel disease or irritable bowel syndrome."
Mild Fever,mild_fever,a low-grade fever as a temperature that falls between 99.5°F (37.5°C) and 100.3°F (38.3°C).,"The most common causes of fever are infections such as colds and stomach bugs (gastroenteritis). Other causes include: Infections of the ear, lung, skin, throat, bladder, or kidney. Heat exhaustion."
Yellow Urine,yellow_urine,Urine is a deep amber or even light brown color.,Most commly caused as a result of dehydration.
Yellowing of Eyes,yellowing_of_eyes,Yellowing of the eyes from a build-up of bilirubin in the eyes,Yellowing of the eyes usually occurs if you have jaundice.
Acute Liver Failure,acute_liver_failure,Liver suddenly starts to not work.,"Acute liver failure is loss of liver function that occurs rapidly — in days or weeks — usually in a person who has no preexisting liver disease. It's most commonly caused by a hepatitis virus or drugs, such as acetaminophen. "
Swelling of Stomach,swelling_of_stomach,Bloating and swelling in the belly area.,"Abdominal distension can have causes that aren't due to underlying disease. Examples include overeating, constipation, gas, or pregnancy."
Swelled Lymph Nodes,swelled_lymph_nodes,Immune system glands that usually enlarge in response to a bacterial or viral infection.,Sudden swelling of many lymph nodes may indicate cancer.
Malaise,malaise,"A general feeling of discomfort, illness, or uneasiness whose exact cause is difficult to identify.","Malaise can have causes that aren't due to underlying disease. Examples include eating too much, drinking too much, inadequate sleep, feeling sad, missing normal exercise routine, or caffeine withdrawal."
Blurred and Distorted Vision,blurred_and_distorted_vision,Unable to see properly.,"Blurred vision can have causes that aren't due to underlying disease. Examples include eye rubbing, dry eyes, crying, aging, or bad eyeglass prescription."
Phlegm,phlegm,"Mucus, thicker than normal due to illness or irritation, coughed up from the respiratory tract.","Phlegm can have causes that aren't due to underlying disease. Examples include aerobic exercise, certain foods such as milk and hot peppers, or tobacco use."
Throat Irritation,throat_irritation,"A sore throat is pain, scratchiness or irritation of the throat that often worsens when you swallow.","Allergies to pet dander, molds, dust and pollen can cause a sore throat. The problem may be complicated by postnasal drip, which can irritate and inflame the throat. Dryness. Dry indoor air can make your throat feel rough and scratchy."
Redness of Eyes,redness_of_eyes,"Eye redness from irritated or inflamed blood vessels on the surface of the white part of the eye, commonly called bloodshot eyes.","Eye redness can have causes that aren't due to underlying disease. Examples include rubbing eyes, sleep deprivation, prolonged screen time, chlorine (from pools), or smoke exposure."
Sinus Pressure,sinus_pressure,"Sinus pressure results from blocked nasal passages. When your sinuses cannot drain, you may experience inflammation and pain in your head, nose, and face.",Many people experience sinus pressure from seasonal allergies or the common cold.
Runny Nose,runny_nose,"Excess drainage, ranging from a clear fluid to thick mucus, from the nose and nasal passages.","Runny nose can have causes that aren't due to underlying disease. Examples include cold exposure, hot temperatures, or exercise."
Congestion,congestion,"Nasal passages swollen with excess fluid and mucus, may be triggered by infection, tobacco smoke, or perfume.","Nasal congestion can have causes that aren't due to underlying disease. Examples include anatomical variation, having an object stuck in the nose, or dried mucus."
Chest Pain,chest_pain,"Discomfort in the chest including a dull ache, a crushing or burning feeling, a sharp stabbing pain, and pain that radiates to the neck or shoulder.","Chest pain can have causes that aren't due to underlying disease. Examples include heavy lifting, weight lifting, trauma to the chest, or swallowing a large piece of food."
Weakness in Limbs,weakness_in_limbs,"Weakness is a lack of physical or muscle strength and the feeling that extra effort is required to move your arms, legs, or other muscles.","Many health conditions can cause muscle weakness. Examples include: neuromuscular disorders, such as muscular dystrophies, multiple sclerosis (MS), amyotrophic lateral sclerosis (ALS) autoimmune diseases, such as Graves' disease, and Guillain-Barré syndrome."
Fast Heart Rate,fast_heart_rate,"A rapid heartbeat that may be regular or irregular, but is out of proportion to age and level of exertion or activity.","A fast heart rate can have causes that aren't due to underlying disease. Examples include exercise, fear, anxiety, stress, anger, or love."
Pain During Bowel Movements,pain_during_bowel_movements,Pain experienced during bowel movements.,"Constipation can have causes that aren't due to underlying disease. Examples include dehydration, lack of dietary fiber, physical inactivity, or medication side effects."
Pain in Anal Region,pain_in_anal_region,Anal pain is pain that occurs in or around the anus and rectum (the last section of the large intestine that ends in the anus).,"Causes can include an abscess, hemorrhoids, or Crohn's disease. "
Bloody Stool,bloody_stool,"Blood can appear with bowel movements because of irritation, constipation, hemorrhoids, digestive conditions, or colon cancer.",Blood in stool can have causes that aren't due to underlying disease. Examples include abrasions from excessive use of toilet paper or hard stool.
Irritation in Anus,irritation_in_anus,Anal itching is itching around the anus.,"Examples of possible causes of anal itching include hemorrhoids, anal fissures, pinworms (Enterobius vermicularis), spicy foods, and medications. Additional symptoms associated with anal itching include burning and pain if the anal skin is traumatized by scratching."
Neck Pain,neck_pain,"Pain in the neck and shoulder that varies in intensity, and may feel achy or like an electric shock from the neck to the arm.","Neck pain can have causes that aren't due to underlying disease. Examples include prolonged straining (looking up or down), sleeping in an uncomfortable position, stress, or wearing heavy necklaces."
Dizziness,dizziness,"Altered sense of balance and place, possibly described as lightheaded, feeling faint, or as if head is spinning.","Dizziness can have causes that aren't due to underlying disease. Examples include spinning in circles, intoxication, medication side effects, or standing up too quickly."
Cramps,cramps,A muscle cramp is a sudden and involuntary contraction of one or more of your muscles.,"Cramps can have causes that aren't due to underlying disease. Examples include dehydration, strenuous exercise, or lack of muscle use."
Bruising,bruising,"Blood or bleeding under the skin due to trauma of any kind; typically black and blue at first, with color changes as healing progresses.","Bruising can have causes that aren't due to underlying disease. Examples include blunt trauma, injury, recent IV use, or drawing blood."
Obesity,obesity,A disorder involving excessive body fat that increases the risk of health problems.,Obesity often results from taking in more calories than are burned by exercise and normal daily activities.
Swollen Legs,swollen_legs,Swelling in the legs or feet.,"It happens when the tissues or blood vessels in your legs hold more fluid than they should. This can happen if you simply spend a long day on your feet or sit for too long. But it may also be a sign that you’re overweight or don’t get enough exercise, or of more serious medical conditions."
Swollen Blood Vessels,swollen_blood_vessels,"The inflammation can cause the walls of the blood vessels to thicken, which reduces the width of the passageway through the vessel.","result from the immune system attacking blood vessel cells by mistake. Possible triggers for this immune system reaction include,  Infections, such as hepatitis B and hepatitis C, Blood cancers, Reactions to certain drugs."
Puffy Face and Eyes,puffy_face_and_eyes,"It's when too much fluid collects under your skin, commonly around your face.","It's not always clear what causes it, but it can happen because of an allergic reaction."
Enlarged Thyroid,enlarged_thyroid,Abnormal enlargement of the butterfly-shaped gland below the Adam's apple (thyroid).,"A goiter commonly develops as a result of iodine deficiency or inflammation of the thyroid gland. Not all goiters cause symptoms. Symptoms that do occur might include swelling, and cough. Rarely, symptoms may include throat tightness or trouble breathing."
Brittle Nails,brittle_nails,Dry and brittle nails are the result of too little moisture. They're most commonly caused by the repeated washing and drying of fingernails.,"They may be a normal sign of aging or the result of polishing your nails too frequently. When the weather is cold, brittle nails may result from dryness. Weak nails also can be signs of a health issue, such as hypothyroidism or anemia."
Swollen Extremities,swollen_extremeties,"Swelling, also known as edema, can happen anywhere in the body. It's commonly seen in the hands, arms, feet, ankles, and legs.","Swelling occurs when extra fluid gets trapped in your body's tissues. Several things can cause this, including heat, exercise, or medical conditions."
Excessive Hunger,excessive_hunger," It's often a result of imbalanced hunger hormones, which may occur for a variety of reasons, including inadequate diet and certain lifestyle habits.","Hunger can have causes that aren't due to underlying disease. Examples include not recently eating, lack of access to food, dieting, growth spurt, or heavy activity."
Extra Marital Contacts,extra_marital_contacts,Extramarital sex occurs when a married person engages in sexual activity with someone other than their spouse.,
Drying and Tingling Lips,drying_and_tingling_lips,Ongoing or recurrent burning in the lips or mouth with no obvious cause.,"Tingling lips, a feeling of “pins and needles” in your lips, can have a number of causes, including chapped lips, allergic reactions to food or facial products, and cold sores. Tingling lips can also be caused by nerve damage from extreme heat or cold or from toxic substances."
Slurred Speech,slurred_speech,Difficuly to speak clearly or coherently.,"Slurred speech is a symptom characterized by poor pronunciation of words, mumbling, or a change in speed or rhythm during talking. The medical term for slurred speech is dysarthria."
Knee Pain,knee_pain,Pain in or around the knee that may indicate a condition affecting the knee joint itself or the soft tissue around the knee.,"Knee pain can have causes that aren't due to underlying disease. Examples include heavy physical activity, lack of use, injuries such as sprains or strains, sitting in a constrained area, or sitting on knees for a prolonged period."
Hip Joint Pain,hip_joint_pain,"Physical discomfort in the hip, which varies from mild to severe.","Hip pain can have causes that aren't due to underlying disease. Examples include trauma, lying on a side for a prolonged period, overuse, muscle stiffness, sitting in an awkward position, sprains, or strains."
Muscle Weakness,muscle_weakness,Decreased strength in the muscles.,"Muscle weakness can have causes that aren't due to underlying disease. Examples include poor physical conditioning, intense exercise, recovery from strength training, or malnutrition."
Stiff Neck,stiff_neck,A sensation of soreness or discomfort in the neck when trying to move it or turn the head from side to side.,"A stiff neck can have causes that aren't due to underlying disease. Examples include sprains, strains, sleeping in an uncomfortable position, sitting at a desk with poor ergonomics, or lack of movement."
Swelling Joints,swelling_joints,"Inflammation of one or more joints, causing pain and stiffness.","swelling of the joint may mean you have a broken bone or a tear in the muscle tendon or ligament. Joint swelling can also result from an infection in your joints, caused by bacteria, viruses, or fungi."
Movement Stiffness,movement_stiffness,"Limited or decreased flexibility, commonly in the joints.","Stiffness can have causes that aren't due to underlying disease. Examples include inactivity, age, sprains, strains, or recovery from exercise."
Spinning Movements,spinning_movements,"Altered sense of balance and place, possibly described as lightheaded, feeling faint, or as if head is spinning.","Examples include spinning in circles, intoxication, medication side effects, or standing up too quickly."
Loss of Balance,loss_of_balance,"Altered sense of balance and place, possibly described as lightheaded, feeling faint, or as if head is spinning.","Balance problems can make you feel dizzy, as if the room is spinning, unsteady, or lightheaded. You might feel as if the room is spinning or you're going to fall down. These feelings can happen whether you're lying down, sitting or standing."
Unsteadiness,unsteadiness,"Loss of one's equilibrium in regard to the environment, often with a feeling of almost falling, or the result of bumping into things.","There are many causes for unsteadiness, including problems in the cerebral or cerebellar portions of the brain, the spinal cord, vestibular system, or inner ear."
Weakness of One Body Side,weakness_of_one_body_side,Loss of motor skills on one side of body,The most common cause is Stroke.
Loss of Smell,loss_of_smell,Partial or complete loss of the sense of smell.,"Loss of smell can have causes that aren't due to underlying disease. Examples include smoking, medication side effects, nasal obstruction, or mucus."
Bladder Discomfort,bladder_discomfort,Pain in the Urinary Bladder. Your bladder is the organ that holds urine from the kidneys until the urine travels down the urethra and out of the body.,"The three most common causes of bladder pain are interstitial cystitis, urinary tract infection, and bladder cancer."
Foul Smell of Urine,foul_smell_ofurine,Foul smell of urine.,The most common cause includes Urinary Tract Infection.
Continuous Feel of Urine,continuous_feel_of_urine,The need to urinate more often than normal.,"Frequent urination can have causes that aren't due to underlying disease. Examples include drinking large amounts of liquid, caffeine intake, pregnancy, or anxiety."
Passage of Gases,passage_of_gases,Intestinal gas that’s passed from the anus.,Flatulence can have causes that aren't due to underlying disease. Examples include having gas or food intolerance.
Internal Itching,internal_itching,Itching in the internal organs of the body.,"Itching can have causes that aren't due to underlying disease. Examples include hair regrowth, sunburns, insect bites, dry skin, or healing wounds."
Toxic Looks ( Typhos),toxic_look_(typhos),Typhus is a disease which can still happen in places where basic sanitation is bad or if it gets passed on by an infected animal.,"Typhus is a disease caused by rickettsia or orientia bacteria. You can get it from infected mites, fleas, or lice. "
Depression,depression,"A mental health disorder characterized by persistently depressed mood or loss of interest in activities, causing significant impairment in daily life.","Possible causes include a combination of biological, psychological, and social sources of distress. Increasingly, research suggests these factors may cause changes in brain function, including altered activity of certain neural circuits in the brain."
Irritability,irritability,"Feelings of frustration or anger, often over seemingly small matters.","Irritability can be normal, and is only an indicator of underlying disease when feelings become excessive, all-consuming, and interfere with daily living."
Muscle Pain,muscle_pain,Soreness and achiness in the muscles that can range from mild to severe.,"Muscle pain can have causes that aren't due to underlying disease. Examples include exercise, prolonged sitting or lying down, doing a new physical activity for the first time, sprains, or strains."
Altered Sensorium,altered_sensorium,"An alteration in mental status refers to general changes in brain function, like confusion, amnesia, loss of alertness, disorientation, poor judgment or thinking.","The common causes of altered sensorium in an immunocompetent adult in our geographical region are stroke, sepsis, cerebral malaria, tubercular meningitis, bacterial meningitis, meningoencephalitis, hepatic encephalopathy, uraemic encephalopathy and other metabolic encephalopathies like hypoglycaemia and hyponatraemia."
Red Spots Over Body,red_spots_over_body,Appearance of distinct red spots all over the body.,"Red spots can be caused by a variety of conditions, including infections, allergic reactions, and inflammatory processes."
Belly Pain,belly_pain,"Pain from inside the abdomen or the outer muscle wall, ranging from mild and temporary to severe and requiring emergency care.","Abdominal pain can have causes that aren't due to underlying disease. Examples include constipation, gas, overeating, stress, or muscle strain."
Abnormal Menstruation,abnormal_menstruation,"Missed, delayed, or erratic periods or abnormal bleeding patterns.","Irregular menstruation can have causes that aren't due to underlying disease. Examples include family history of irregular menstruation, menopause or menarche, physical stress, psychological stress, smoking, or medication side effects."
Dischromatic Patches,dischromic_patches,The skin can look patchy or red and purple.,"rregular or patchy discoloration of the skin can be caused by: Changes in melanin, a substance produced in the skin cells that gives skin its color. Growth of bacteria or other organisms on the skin. Blood vessel (vascular) changes."
Watering from Eyes,watering_from_eyes,Watering eye is when a person produces an excess of tears without any apparent reason.,"Sometimes, excess tear production may cause watery eyes as well. Allergies or viral infections (conjunctivitis), as well as any kind of inflammation, may cause watery eyes for a few days or so."
Increased Appetite,increased_appetite,A condition that causes abnormal eating habits.,"t's normal to have an increased appetite after physical exertion or some other activities. But if your appetite is significantly increased over a prolonged period of time, it could be a symptom of a serious illness, such as diabetes or hyperthyroidism."
Polyuria,polyuria,Passing abnormally large amounts of urine.,Excessive urination can have causes that aren't due to underlying disease. Examples include intake of large amounts of fluid and alcohol use.
Family History,family_history,"Family history refers to the records of those groups comprising parents and their children and all those connected to them by blood or marriage, claiming descent from a common ancestor.",
Mucoid Sputum,mucoid_sputum,Sputum may be clear or white and frothy (mucoid). Sputum which is slightly thicker and cloudy or opaque (mucopurulent).,May be a symptom of Pneumonia.
Rusty Sputum,rusty_sputum,"A reddish-brown, blood-stained expectoration.","Rust colored – usually caused by pneumococcal bacteria (in pneumonia), pulmonary embolism, lung cancer or pulmonary tuberculosis."
Lack of Concentration,lack_of_concentration,Concentration difficulty is a decreased ability to focus your thoughts on something. ,"Concentration difficulties can be related to difficulty staying awake, impulsiveness, intrusive thoughts or concerns, overactivity, or inattention. They can be caused by medical, cognitive or psychological problems or may be related to sleep disorders or medications, alcohol or drugs."
Visual Disturbances,visual_disturbances,Visual disturbance is when you experience a short spell of flashing or shimmering of light in your sight. ,"Although the visual disturbance may be the result of a minor problem, vision disturbances can be the first symptom of other serious conditions, such as: glaucoma. brain tumors."
Receiving Blood Transfusion,receiving_blood_transfusion,"Blood transfusion is a common, safe medical procedure in which healthy blood is given to you through an intravenous (IV) line that has been inserted in one of your blood vessels.",
Receiving Unsterile Injections,receiving_unsterile_injections,Injected with an unsterelised injection.,
Coma,coma,A period of prolonged unconsciousness brought on by illness or injury.,"Can be caused by a variety of problems — traumatic head injury, stroke, brain tumor, drug or alcohol intoxication, or even an underlying illness, such as diabetes or an infection. Coma is a medical emergency. Swift action is needed to preserve life and brain function."
Stomach Bleeding,stomach_bleeding,"A disorder in your digestive tract. The blood often appears in stool or vomit but isn't always visible, though it may cause the stool to look black or tarry.","There are many possible causes of GI bleeding, including hemorrhoids, peptic ulcers, tears or inflammation in the esophagus, diverticulosis and diverticulitis, ulcerative colitis and Crohn's disease, colonic polyps, or cancer in the colon, stomach or esophagus."
Distention of Abdomen,distention_of_abdomen,Bloating and swelling in the belly area.,"Abdominal distension can have causes that aren't due to underlying disease. Examples include overeating, constipation, gas, or pregnancy."
History of Alcohol Consumption,history_of_alcohol_consumption,History of continuous alcohol use.,
Fluid Overload,fluid_overload,A condition in which the liquid portion of the blood (plasma) is too high.,"Can be caused by failure of the heart, kidney, or liver, or by a high-salt diet."
Blood in Sputum,blood_in_sputum,"Small amounts of blood mixed with sputum (or more seriously, large amounts of bright red blood) brought up by a forceful cough.","Causes of bloody sputum include lung infection with pneumonia, bronchitis, tuberculosis, parasites (hookworm), cystic fibrosis, nosebleed (epistaxis), pulmonary edema, pulmonary embolism, chest trauma, mitral stenosis, lung cancer, and Goodpasture syndrome."
Prominent Veins on Calf,prominent_veins_on_calf,Veins in calf become visible due to bulging or swelling.,"Bulging of the veins is a symptom that commonly occurs in different conditions, such as thrombophlebitis, pregnancy, older age, and congenitally defective valves in the veins. "
Palpitations,palpitations,"A sensation that the heart is racing, pounding, fluttering, or skipping a beat, often bothersome, but hardly ever a sign of heart disease.","Heart palpitations can have causes that aren't due to underlying disease. Examples include skipped heartbeats, variation with breathing, exercise, stress, smoking, use of marijuana, alcohol, or some medications."
Painful Walking,painful_walking,Legs hurt while walking.,"Leg pain can have causes that aren't due to underlying disease. Examples include heavy physical activity, lack of activity, prolonged standing, injuries, sprains, or strains."
Pus filled pimples,pus_filled_pimples,"Pimple pus is made from sebum (oil) that gets trapped in your pores, along with a combination of dead skin cells, debris (such as makeup), and bacteria. ","When you have inflammatory acne lesions (such as pustules, papules, nodules, and cysts), your immune system activates in this area, resulting in noticeable pus."
Blackheads,blackheads,"An open (blackhead) or closed (whitehead) skin pore or hair follicle clogged with oil, dead skin cells, and bacteria.","Can have causes that aren't due to underlying disease. Examples include tight clothes, poor hygiene, or use of oil-based hair and skin products."
Scurring,scurring,"Dry, cracked, or flaky skin. Also known as desquamation, scaling skin happens when the outer layer of the skin, called the epidermis, begins to flake off.",
Skin Peeling,skin_peeling,An unintended damage to and loss of the upper layer of skin.,"Skin peeling can have causes that aren't due to underlying disease. Examples include sunburn, turf burn, prolonged time in water, or prolonged skin contact with noxious liquid."
Silver like Dusting,silver_like_dusting,Skin turns blue or blue-grey.,"Caused by excessive exposure to chemical compounds of the element silver, or to silver dust. "
Small Dents in Nails,small_dents_in_nails,Small dents appearing on finger or toenails.,The indentations can appear when growth at the area under the cuticle is interrupted by injury or severe illness.
Inflammatory Nails,inflammatory_nails,A burning sensation in fingernails as a result of some type of trauma.,"It's usually the result of damage to the skin around the nails from biting, picking, hangnails, manicures, or other physical trauma."
Blisters,blister,"An area of skin covered by a raised, fluid-filled bubble.","Blisters can have causes that aren't due to underlying disease. Examples include burns, friction injuries, or trauma."
Red Sore around Nose,red_sore_around_nose,Usually appears as a rash of red bumps around the mouth and in the folds around the nose.,"The redness is usually due to the dry skin that results from persistent wiping. The nose can also turn red due to skin and blood vessel issues, chronic inflammation, allergies, and a few other conditions."
Yellow Crust Ooze,yellow_crust_ooze,Yellowish crusting can form on a scab when pus builds up.,"Pus is usually a sign of infection, and it can indicate either a bacterial infection, such as impetigo, or a viral infection, such as herpes. "
Prognosis,prognosis,"Prognosis is a medical term for predicting the likely or expected development of a disease, including whether the signs and symptoms will improve or worsen or remain stable over time",
